<?xml version="1.0"?>
<!--<!DOCTYPE metadata SYSTEM "http://www.esri.com/metadata/esriprof80.dtd">-->
<metadata xml:lang="en"><Esri><MetaID>{A45A8E99-20A1-4546-9F3B-86D332D4B0B1}</MetaID><CreaDate>20091211</CreaDate><CreaTime>16115000</CreaTime><SyncOnce>TRUE</SyncOnce><DataProperties><lineage><Process Name="Project_1" ToolSource="C:\Program Files\ArcGIS\ArcToolbox\Toolboxes\Data Management Tools.tbx\Project" Date="20091211" Time="161150">Project "E:\MEDICAL EMERGENCIES\Graphic\BOONE.shp" "E:\MEDICAL EMERGENCIES\Graphic\BOONE_Project.shp" GEOGCS['GCS_North_American_1983',DATUM['D_North_American_1983',SPHEROID['GRS_1980',6378137.0,298.257222101]],PRIMEM['Greenwich',0.0],UNIT['Degree',0.0174532925199433]] # PROJCS['NAD_1983_StatePlane_Missouri_West_FIPS_2403_Feet',GEOGCS['GCS_North_American_1983',DATUM['D_North_American_1983',SPHEROID['GRS_1980',6378137.0,298.257222101]],PRIMEM['Greenwich',0.0],UNIT['Degree',0.0174532925199433]],PROJECTION['Transverse_Mercator'],PARAMETER['False_Easting',2788708.333333333],PARAMETER['False_Northing',0.0],PARAMETER['Central_Meridian',-94.5],PARAMETER['Scale_Factor',0.9999411764705882],PARAMETER['Latitude_Of_Origin',36.16666666666666],UNIT['Foot_US',0.3048006096012192]]</Process></lineage></DataProperties></Esri></metadata>
