<?xml version="1.0"?>
<!--<!DOCTYPE metadata SYSTEM "http://www.esri.com/metadata/esriprof80.dtd">-->
<metadata xml:lang="en"><Esri><CreaDate>20091211</CreaDate><CreaTime>12453000</CreaTime><SyncOnce>FALSE</SyncOnce><DataProperties><lineage><Process Name="Create Feature Class" ToolSource="C:\Program Files\ArcGIS\ArcToolbox\Toolboxes\Data Management Tools.tbx\CreateFeatureclass" Date="20070223" Time="110539">CreateFeatureclass D:\Maps\mapdata grids # CADGrid_Layer SAME_AS_TEMPLATE SAME_AS_TEMPLATE "PROJCS['NAD_1983_StatePlane_Missouri_Central_FIPS_2402_Feet',GEOGCS['GCS_North_American_1983',DATUM['D_North_American_1983',SPHEROID['GRS_1980',6378137.0,298.257222101]],PRIMEM['Greenwich',0.0],UNIT['Degree',0.0174532925199433]],PROJECTION['Transverse_Mercator'],PARAMETER['False_Easting',1640416.666666667],PARAMETER['False_Northing',0.0],PARAMETER['Central_Meridian',-92.5],PARAMETER['Scale_Factor',0.9999333333333333],PARAMETER['Latitude_Of_Origin',35.83333333333334],UNIT['Foot_US',0.3048006096012192]];1460000 980000 5000;0 1;0 1" # 0 0 0 D:\Maps\mapdata\grids.shp</Process><Process Name="Append" ToolSource="C:\Program Files\ArcGIS\ArcToolbox\Toolboxes\Data Management Tools.tbx\Append" Date="20070223" Time="110540">Append CADGrid_Layer D:\Maps\mapdata\grids.shp TEST D:\Maps\mapdata\grids.shp</Process><Process Name="FeatureClassToFeatureClass_1" ToolSource="C:\Program Files\ArcGIS\ArcToolbox\Toolboxes\Conversion Tools.tbx\FeatureClassToFeatureClass" Date="20070223" Time="110540">FeatureClassToFeatureClass G:\Maps\City\PSJC\GeoBuilder.mdb\BaseLayers\CADGrid D:\Maps\mapdata grids # "GRID GRID VISIBLE;G_ZIPCODE G_ZIPCODE VISIBLE;G_TRACT G_TRACT VISIBLE;G_CAU_NOTES G_CAU_NOTE VISIBLE;X X HIDDEN;Y Y HIDDEN;G_XCOORD G_XCOORD HIDDEN;G_YCOORD G_YCOORD HIDDEN;SHAPE_Length SHAPE_Leng HIDDEN;SHAPE_Area SHAPE_Area HIDDEN" SAME_AS_TEMPLATE SAME_AS_TEMPLATE # 0 D:\Maps\mapdata\grids.shp</Process><Process Name="FeatureClassToFeatureClass_31" ToolSource="C:\Program Files\ArcGIS\ArcToolbox\Toolboxes\Conversion Tools.tbx\FeatureClassToFeatureClass" Date="20080218" Time="153000">FeatureClassToFeatureClass D:\Maps\mapdata\grids.shp D:\Maps\mapdata\BooneCoMO.mdb\PublicSafety CAD_grids # "GRID GRID true false false 6 Text 0 0 ,First,#,D:\Maps\mapdata\grids.shp,GRID,-1,-1;G_ZIPCODE G_ZIPCODE true false false 9 Text 0 0 ,First,#,D:\Maps\mapdata\grids.shp,G_ZIPCODE,-1,-1;G_TRACT G_TRACT true false false 6 Text 0 0 ,First,#,D:\Maps\mapdata\grids.shp,G_TRACT,-1,-1;G_CAU_NOTE G_CAU_NOTE true false false 65 Text 0 0 ,First,#,D:\Maps\mapdata\grids.shp,G_CAU_NOTE,-1,-1" # D:\Maps\mapdata\BooneCoMO.mdb\PublicSafety\CAD_grids</Process><Process ToolSource="C:\Program Files\ArcGIS\ArcToolbox\Toolboxes\Conversion Tools.tbx\FeatureClassToFeatureClass" Date="20090928" Time="150645">FeatureClassToFeatureClass "C:\Program Files\GeoComm\GeoLynx\mapdata\ColumbiaMO.gdb\PublicSafety\CAD_grids" "C:\Documents and Settings\bwmaydwe\Desktop\MEDICAL EMERGENCIES" CADGrids.shp # "GRID 'GRID' true true false 6 Text 0 0 ,First,#,C:\Program Files\GeoComm\GeoLynx\mapdata\ColumbiaMO.gdb\PublicSafety\CAD_grids,GRID,-1,-1;G_ZIPCODE 'G_ZIPCODE' true true false 9 Text 0 0 ,First,#,C:\Program Files\GeoComm\GeoLynx\mapdata\ColumbiaMO.gdb\PublicSafety\CAD_grids,G_ZIPCODE,-1,-1;G_TRACT 'G_TRACT' true true false 6 Text 0 0 ,First,#,C:\Program Files\GeoComm\GeoLynx\mapdata\ColumbiaMO.gdb\PublicSafety\CAD_grids,G_TRACT,-1,-1;G_CAU_NOTE 'G_CAU_NOTE' true true false 65 Text 0 0 ,First,#,C:\Program Files\GeoComm\GeoLynx\mapdata\ColumbiaMO.gdb\PublicSafety\CAD_grids,G_CAU_NOTE,-1,-1;Shape_Leng 'Shape_Length' false true true 8 Double 0 0 ,First,#,C:\Program Files\GeoComm\GeoLynx\mapdata\ColumbiaMO.gdb\PublicSafety\CAD_grids,Shape_Length,-1,-1;Shape_Area 'Shape_Area' false true true 8 Double 0 0 ,First,#,C:\Program Files\GeoComm\GeoLynx\mapdata\ColumbiaMO.gdb\PublicSafety\CAD_grids,Shape_Area,-1,-1" # "C:\Documents and Settings\bwmaydwe\Desktop\MEDICAL EMERGENCIES\CADGrids.shp"</Process><Process ToolSource="C:\Program Files\ArcGIS\ArcToolbox\Toolboxes\Data Management Tools.tbx\Project" Date="20091211" Time="124533">Project CADGrids "E:\MEDICAL EMERGENCIES\CADGrids_Project.shp" GEOGCS['GCS_North_American_1983',DATUM['D_North_American_1983',SPHEROID['GRS_1980',6378137.0,298.257222101]],PRIMEM['Greenwich',0.0],UNIT['Degree',0.0174532925199433]] # PROJCS['NAD_1983_StatePlane_Missouri_West_FIPS_2403_Feet',GEOGCS['GCS_North_American_1983',DATUM['D_North_American_1983',SPHEROID['GRS_1980',6378137.0,298.257222101]],PRIMEM['Greenwich',0.0],UNIT['Degree',0.0174532925199433]],PROJECTION['Transverse_Mercator'],PARAMETER['False_Easting',2788708.333333333],PARAMETER['False_Northing',0.0],PARAMETER['Central_Meridian',-94.5],PARAMETER['Scale_Factor',0.9999411764705882],PARAMETER['Latitude_Of_Origin',36.16666666666666],UNIT['Foot_US',0.3048006096012192]]</Process></lineage></DataProperties><SyncDate>20091210</SyncDate><SyncTime>21333800</SyncTime><ModDate>20091210</ModDate><ModTime>21333800</ModTime><MetaID>{6CADF06C-19A0-415E-B616-F5F2C2D46AB9}</MetaID></Esri><idinfo><native Sync="TRUE">Microsoft Windows XP Version 5.1 (Build 2600) Service Pack 3; ESRI ArcCatalog 9.2.0.1324</native><descript><langdata Sync="TRUE">en</langdata><abstract>Columbia/Boone County Public Safety Dispatch Grids</abstract><purpose>Used as a core layer in CAD and as a reference during reporting</purpose></descript><citation><citeinfo><origin>REQUIRED: The name of an organization or individual that developed the data set.</origin><pubdate>REQUIRED: The date when the data set is published or otherwise made available for release.</pubdate><title Sync="TRUE">CADGrids</title><ftname Sync="TRUE">CADGrids</ftname><geoform Sync="TRUE">vector digital data</geoform><onlink Sync="TRUE"></onlink></citeinfo></citation><timeperd><current>ground condition</current><timeinfo><sngdate><caldate>unknown</caldate></sngdate></timeinfo></timeperd><status><progress>Complete</progress><update>As needed</update></status><spdom><bounding><westbc Sync="TRUE">-83.046803</westbc><eastbc Sync="TRUE">-81.295373</eastbc><northbc Sync="TRUE">11.406851</northbc><southbc Sync="TRUE">8.911578</southbc></bounding><lboundng><leftbc Sync="TRUE">1599422.109300</leftbc><rightbc Sync="TRUE">1785477.972050</rightbc><bottombc Sync="TRUE">1005471.684400</bottombc><topbc Sync="TRUE">1280143.630400</topbc></lboundng></spdom><keywords><theme><themekt>CAD Grid</themekt><themekey>Grid</themekey><themekey>CAD</themekey></theme></keywords><accconst>none</accconst><useconst>none</useconst><natvform Sync="TRUE">Shapefile</natvform><ptcontac><cntinfo><cntperp><cntper>Brian Maydwell</cntper><cntorg>Columbia/Boone County Public Safety Joint Communications</cntorg></cntperp><cntaddr><addrtype>mailing address</addrtype><address>17 N Seventh St Suite A</address><city>Columbia</city><state>MO</state><postal>65201</postal></cntaddr><cntvoice>5738747702</cntvoice><cnttdd>5734426131</cnttdd><cntfax>8751072</cntfax><cntemail>bwmaydwe@gocolumbiamo.com</cntemail></cntinfo></ptcontac></idinfo><dataIdInfo><envirDesc Sync="TRUE">Microsoft Windows XP Version 5.1 (Build 2600) Service Pack 3; ESRI ArcCatalog 9.2.0.1324</envirDesc><dataLang><languageCode Sync="TRUE" value="en"></languageCode></dataLang><idCitation><resTitle Sync="TRUE">CADGrids</resTitle><presForm><PresFormCd Sync="TRUE" value="005"></PresFormCd></presForm></idCitation><spatRpType><SpatRepTypCd Sync="TRUE" value="001"></SpatRepTypCd></spatRpType><dataExt><geoEle><GeoBndBox esriExtentType="native"><westBL Sync="TRUE">1599422.1093</westBL><eastBL Sync="TRUE">1785477.97205</eastBL><northBL Sync="TRUE">1280143.6304</northBL><southBL Sync="TRUE">1005471.6844</southBL><exTypeCode Sync="TRUE">1</exTypeCode></GeoBndBox></geoEle></dataExt><geoBox esriExtentType="decdegrees"><westBL Sync="TRUE">-83.046803</westBL><eastBL Sync="TRUE">-81.295373</eastBL><northBL Sync="TRUE">11.406851</northBL><southBL Sync="TRUE">8.911578</southBL><exTypeCode Sync="TRUE">1</exTypeCode></geoBox></dataIdInfo><metainfo><langmeta Sync="TRUE">en</langmeta><metstdn Sync="TRUE">FGDC Content Standards for Digital Geospatial Metadata</metstdn><metstdv Sync="TRUE">FGDC-STD-001-1998</metstdv><mettc Sync="TRUE">local time</mettc><metc><cntinfo><cntorgp><cntper>REQUIRED: The person responsible for the metadata information.</cntper><cntorg>REQUIRED: The organization responsible for the metadata information.</cntorg></cntorgp><cntaddr><addrtype>REQUIRED: The mailing and/or physical address for the organization or individual.</addrtype><city>REQUIRED: The city of the address.</city><state>REQUIRED: The state or province of the address.</state><postal>REQUIRED: The ZIP or other postal code of the address.</postal></cntaddr><cntvoice>REQUIRED: The telephone number by which individuals can speak to the organization or individual.</cntvoice></cntinfo></metc><metd Sync="TRUE">20091210</metd><metextns><onlink Sync="TRUE">http://www.esri.com/metadata/esriprof80.html</onlink><metprof Sync="TRUE">ESRI Metadata Profile</metprof></metextns></metainfo><mdLang><languageCode Sync="TRUE" value="en"></languageCode></mdLang><mdStanName Sync="TRUE">ISO 19115 Geographic Information - Metadata</mdStanName><mdStanVer Sync="TRUE">DIS_ESRI1.0</mdStanVer><mdChar><CharSetCd Sync="TRUE" value="004"></CharSetCd></mdChar><mdHrLv><ScopeCd Sync="TRUE" value="005"></ScopeCd></mdHrLv><mdHrLvName Sync="TRUE">dataset</mdHrLvName><distinfo><resdesc Sync="TRUE">Downloadable Data</resdesc><stdorder><digform><digtinfo><transize Sync="TRUE">0.438</transize><dssize Sync="TRUE">0.438</dssize></digtinfo></digform></stdorder></distinfo><distInfo><distributor><distorTran><onLineSrc><orDesc Sync="TRUE">002</orDesc><linkage Sync="TRUE">file://</linkage><protocol Sync="TRUE">Local Area Network</protocol></onLineSrc><transSize Sync="TRUE">0.438</transSize></distorTran><distorFormat><formatName Sync="TRUE">Shapefile</formatName></distorFormat></distributor></distInfo><spdoinfo><direct Sync="TRUE">Vector</direct><ptvctinf><esriterm Name="CADGrids"><efeatyp Sync="TRUE">Simple</efeatyp><efeageom Sync="TRUE">Polygon</efeageom><esritopo Sync="TRUE">FALSE</esritopo><efeacnt Sync="TRUE">2950</efeacnt><spindex Sync="TRUE">FALSE</spindex><linrefer Sync="TRUE">FALSE</linrefer></esriterm><sdtsterm Name="CADGrids"><sdtstype Sync="TRUE">G-polygon</sdtstype><ptvctcnt Sync="TRUE">2950</ptvctcnt></sdtsterm></ptvctinf></spdoinfo><spref><horizsys><cordsysn><geogcsn Sync="TRUE">GCS_North_American_1983</geogcsn><projcsn Sync="TRUE">NAD_1983_UTM_Zone_15N</projcsn></cordsysn><planar><planci><plance Sync="TRUE">coordinate pair</plance><plandu Sync="TRUE">meters</plandu><coordrep><absres Sync="TRUE">0.000000</absres><ordres Sync="TRUE">0.000000</ordres></coordrep></planci><gridsys><gridsysn Sync="TRUE">Universal Transverse Mercator</gridsysn><utm><utmzone Sync="TRUE">15</utmzone><transmer><sfctrmer Sync="TRUE">0.999600</sfctrmer><longcm Sync="TRUE">-93.000000</longcm><latprjo Sync="TRUE">0.000000</latprjo><feast Sync="TRUE">500000.000000</feast><fnorth Sync="TRUE">0.000000</fnorth></transmer></utm></gridsys></planar><geodetic><horizdn Sync="TRUE">North American Datum of 1983</horizdn><ellips Sync="TRUE">Geodetic Reference System 80</ellips><semiaxis Sync="TRUE">6378137.000000</semiaxis><denflat Sync="TRUE">298.257222</denflat></geodetic></horizsys><vertdef><altsys><altenc Sync="TRUE">Explicit elevation coordinate included with horizontal coordinates</altenc><altres Sync="TRUE">0.000003</altres></altsys></vertdef></spref><refSysInfo><RefSystem><refSysID><identCode Sync="TRUE">NAD_1983_UTM_Zone_15N</identCode></refSysID></RefSystem></refSysInfo><spatRepInfo><VectSpatRep><topLvl><TopoLevCd Sync="TRUE" value="001"></TopoLevCd></topLvl><geometObjs Name="CADGrids"><geoObjTyp><GeoObjTypCd Sync="TRUE" value="001"></GeoObjTypCd></geoObjTyp><geoObjCnt Sync="TRUE">2950</geoObjCnt></geometObjs></VectSpatRep></spatRepInfo><eainfo><detailed Name="CADGrids"><enttyp><enttypl Sync="TRUE">CADGrids</enttypl><enttypt Sync="TRUE">Feature Class</enttypt><enttypc Sync="TRUE">2950</enttypc></enttyp><attr><attrlabl Sync="TRUE">FID</attrlabl><attalias Sync="TRUE">FID</attalias><attrtype Sync="TRUE">OID</attrtype><attwidth Sync="TRUE">4</attwidth><atprecis Sync="TRUE">0</atprecis><attscale Sync="TRUE">0</attscale><attrdef Sync="TRUE">Internal feature number.</attrdef><attrdefs Sync="TRUE">ESRI</attrdefs><attrdomv><udom Sync="TRUE">Sequential unique whole numbers that are automatically generated.</udom></attrdomv></attr><attr><attrlabl Sync="TRUE">Shape</attrlabl><attalias Sync="TRUE">Shape</attalias><attrtype Sync="TRUE">Geometry</attrtype><attwidth Sync="TRUE">0</attwidth><atprecis Sync="TRUE">0</atprecis><attscale Sync="TRUE">0</attscale><attrdef Sync="TRUE">Feature geometry.</attrdef><attrdefs Sync="TRUE">ESRI</attrdefs><attrdomv><udom Sync="TRUE">Coordinates defining the features.</udom></attrdomv></attr><attr><attrlabl Sync="TRUE">GRID</attrlabl><attalias Sync="TRUE">GRID</attalias><attrtype Sync="TRUE">String</attrtype><attwidth Sync="TRUE">6</attwidth><attrdef>CAD Grid</attrdef></attr><attr><attrlabl Sync="TRUE">G_ZIPCODE</attrlabl><attalias Sync="TRUE">G_ZIPCODE</attalias><attrtype Sync="TRUE">String</attrtype><attwidth Sync="TRUE">9</attwidth><attrdef>Grid Zip Code</attrdef></attr><attr><attrlabl Sync="TRUE">G_TRACT</attrlabl><attalias Sync="TRUE">G_TRACT</attalias><attrtype Sync="TRUE">String</attrtype><attwidth Sync="TRUE">6</attwidth><attrdef>Grid Cencus Tract</attrdef></attr><attr><attrlabl Sync="TRUE">G_CAU_NOTE</attrlabl><attalias Sync="TRUE">G_CAU_NOTE</attalias><attrtype Sync="TRUE">String</attrtype><attwidth Sync="TRUE">65</attwidth><attrdef>Grid Caution Note</attrdef></attr><attr><attrlabl Sync="TRUE">Shape_Leng</attrlabl><attalias Sync="TRUE">Shape_Leng</attalias><attrtype Sync="TRUE">Float</attrtype><attwidth Sync="TRUE">19</attwidth><atnumdec Sync="TRUE">11</atnumdec></attr><attr><attrlabl Sync="TRUE">Shape_Area</attrlabl><attalias Sync="TRUE">Shape_Area</attalias><attrtype Sync="TRUE">Float</attrtype><attwidth Sync="TRUE">19</attwidth><attrdef Sync="TRUE">Area of feature in internal units squared.</attrdef><attrdefs Sync="TRUE">ESRI</attrdefs><attrdomv><udom Sync="TRUE">Positive real numbers that are automatically generated.</udom></attrdomv><atnumdec Sync="TRUE">11</atnumdec></attr></detailed></eainfo><mdDateSt Sync="TRUE">20091210</mdDateSt><dataqual><lineage><procstep><procdesc Sync="TRUE">Dataset copied.</procdesc><srcused Sync="TRUE">\\geo-comm.local\geoshare\Counties_GIS\Missouri\City of Columbia\Map Data\GeoLynx\ColumbiaMO.mdb</srcused><date Sync="TRUE">20080620</date><time Sync="TRUE">08390000</time></procstep><procstep><procdesc Sync="TRUE">Dataset copied.</procdesc><srcused Sync="TRUE"></srcused><procdate Sync="TRUE">20091211</procdate><proctime Sync="TRUE">12453000</proctime></procstep></lineage></dataqual></metadata>
